Nome,Idade
Grace Brown,21
Heidi Jones,20
Grace Wilson,50
Charlie Davis,34
Heidi Jones,23
David Garcia,50
Heidi Williams,41
Faythe Jones,42
Bob Garcia,48
Faythe Johnson,26
Eve Smith,23
Judy Miller,55
Ivan Smith,25
Judy Williams,27
Grace Brown,29
Ivan Williams,60
Eve Williams,44
Grace Jones,49
Ivan Davis,41
Bob Brown,33
Ivan Johnson,46
Judy Rodriguez,24
Judy Jones,29
Bob Brown,47
Grace Garcia,26
Charlie Smith,38
David Johnson,38
Heidi Brown,34
Bob Miller,20
Faythe Wilson,33
David Miller,31
Bob Wilson,41
Bob Wilson,41
David Garcia,43
Grace Rodriguez,33
Heidi Jones,45
Bob Jones,24
Heidi Wilson,21
Ivan Rodriguez,16
Alice Rodriguez,35
Grace Rodriguez,32
Heidi Smith,47
Heidi Garcia,33
Charlie Smith,42
Heidi Williams,48
Charlie Smith,33
Eve Wilson,42
Grace Wilson,50
Ivan Davis,27
Ivan Garcia,40
Bob Smith,33
Grace Davis,28
Heidi Jones,24
Charlie Garcia,28
Faythe Williams,40
Alice Williams,23
Eve Williams,34
Alice Jones,48
Judy Davis,44
Grace Rodriguez,34
Judy Wilson,56
Charlie Davis,58
Alice Brown,40
David Jones,15
Grace Davis,48
David Davis,17
Charlie Miller,54
Bob Wilson,50
Ivan Jones,57
Faythe Brown,42
Judy Davis,36
Ivan Davis,35
Alice Smith,34
Ivan Rodriguez,49
David Rodriguez,47
Charlie Davis,41
Faythe Garcia,32
Ivan Jones,66
Alice Williams,49
Judy Garcia,24
Faythe Garcia,34
Ivan Brown,49
Alice Smith,32
Judy Brown,43
Grace Johnson,49
Charlie Smith,6
Eve Smith,38
Heidi Smith,39
Alice Johnson,35
Bob Miller,43
Grace Jones,46
Alice Smith,41
Charlie Johnson,36
Eve Wilson,46
Faythe Davis,40
David Davis,37
Heidi Smith,26
Faythe Garcia,24
Eve Brown,26
Bob Miller,42
Faythe Smith,39
Ivan Miller,25
Charlie Brown,46
David Williams,53
Judy Williams,34
Charlie Brown,22
Grace Brown,32
Ivan Smith,48
Heidi Davis,45
Bob Garcia,30
Alice Rodriguez,55
Ivan Johnson,53
Grace Wilson,32
Charlie Davis,32
Judy Rodriguez,34
David Smith,34
Bob Smith,49
Eve Jones,44
Grace Rodriguez,48
Ivan Williams,46
Charlie Williams,57
David Garcia,29
Faythe Garcia,43
Alice Garcia,18
David Smith,26
Heidi Brown,39
Faythe Garcia,44
David Williams,38
Ivan Williams,34
Ivan Johnson,36
Bob Johnson,53
Faythe Williams,36
Ivan Brown,57
Alice Brown,47
Alice Jones,44
David Garcia,28
Heidi Davis,49
Charlie Smith,35
Alice Williams,28
Faythe Davis,45
Faythe Miller,26
Faythe Williams,32
Faythe Garcia,39
Bob Jones,62
Alice Smith,33
Eve Williams,35
David Williams,47
Alice Smith,27
Eve Miller,44
Charlie Rodriguez,52
Eve Garcia,36
Alice Jones,50
Charlie Smith,42
David Jones,32
Grace Smith,38
Charlie Johnson,36
Ivan Wilson,39
Faythe Wilson,41
Charlie Garcia,45
Heidi Johnson,45
Faythe Davis,15
Bob Wilson,39
Bob Wilson,24
Alice Garcia,37
Alice Rodriguez,38
Faythe Davis,49
Judy Davis,39
Judy Williams,42
Bob Rodriguez,47
Heidi Wilson,52
Grace Rodriguez,38
David Brown,40
Alice Garcia,40
Charlie Davis,34
Bob Johnson,32
Grace Miller,17
Charlie Rodriguez,29
Judy Miller,22
Judy Wilson,52
Faythe Smith,41
David Wilson,38
Faythe Miller,32
Eve Smith,40
Heidi Jones,31
Eve Davis,41
David Miller,42
David Williams,31
Grace Garcia,31
David Johnson,49
Judy Williams,39
Alice Garcia,32
Charlie Wilson,36
Grace Wilson,29
Eve Wilson,39
Eve Davis,48
Ivan Jones,39
Alice Wilson,63
Judy Smith,44
Bob Miller,42
Ivan Garcia,30
Eve Smith,37
Grace Jones,32
Faythe Davis,18
Charlie Wilson,49
Charlie Jones,34
Faythe Rodriguez,32
Eve Smith,42
David Jones,45
Judy Wilson,36
Eve Davis,39
David Smith,47
Eve Davis,36
Judy Wilson,43
Faythe Jones,23
David Johnson,27
David Wilson,46
Judy Williams,27
Judy Smith,42
Heidi Jones,38
David Garcia,36
Grace Johnson,31
Alice Brown,49
Heidi Johnson,57
Charlie Smith,43
Alice Williams,43
Eve Williams,33
Alice Smith,28
Heidi Wilson,39
Bob Williams,30
Bob Williams,22
Grace Smith,48
Judy Garcia,48
Judy Wilson,31
Judy Johnson,42
Charlie Rodriguez,50
Grace Brown,42
Judy Jones,28
Bob Garcia,37
David Rodriguez,53
Eve Rodriguez,42
David Wilson,45
Eve Rodriguez,43
Heidi Williams,31
Alice Williams,33
David Johnson,43
Alice Davis,48
Heidi Davis,50
Eve Smith,31
Grace Davis,44
Ivan Williams,51
Ivan Smith,30
Alice Brown,54
Ivan Miller,56
Charlie Smith,66
David Rodriguez,42
Charlie Rodriguez,42
Grace Brown,48
Charlie Wilson,47
Eve Jones,51
Charlie Rodriguez,47
David Jones,38
David Jones,52
Grace Rodriguez,29
Grace Jones,40
Judy Wilson,55
Grace Wilson,27
Eve Williams,33
Grace Johnson,46
Ivan Wilson,43
Judy Smith,31
Faythe Davis,35
Heidi Wilson,28
Ivan Johnson,49
Judy Johnson,37
Eve Jones,57
Faythe Williams,40
Heidi Smith,37
Faythe Brown,36
Alice Davis,37
Ivan Brown,41
David Miller,65
Charlie Miller,36
Grace Wilson,36
Judy Williams,40
Grace Williams,50
Bob Wilson,25
David Garcia,44
Ivan Davis,31
Alice Williams,45
Ivan Smith,35
Ivan Garcia,16
Alice Miller,43
Eve Miller,43
Judy Jones,34
Faythe Jones,33
Eve Brown,26
Charlie Williams,47
David Rodriguez,48
Bob Rodriguez,31
Alice Smith,34
Eve Miller,39
Faythe Williams,62
Grace Rodriguez,45
Judy Garcia,30
Faythe Garcia,43
Eve Garcia,26
Judy Brown,47
Judy Garcia,56
Judy Johnson,56
Eve Rodriguez,47
David Miller,34
Alice Rodriguez,26
Alice Jones,25
David Williams,11
Faythe Johnson,46
Charlie Jones,38
Ivan Johnson,49
Judy Garcia,54
Bob Jones,40
Grace Garcia,41
Alice Miller,35
Alice Johnson,36
Alice Jones,47
Judy Rodriguez,38
Faythe Smith,36
Alice Johnson,39
Ivan Williams,48
Alice Jones,33
Grace Miller,39
Alice Jones,42
Eve Miller,51
Charlie Jones,37
Grace Jones,32
Eve Jones,35
Judy Wilson,50
Charlie Smith,60
Eve Rodriguez,26
Alice Williams,29
David Smith,38
Alice Garcia,41
Bob Garcia,47
Grace Wilson,31
Judy Johnson,29
Faythe Miller,41
Charlie Johnson,37
Alice Miller,49
Eve Rodriguez,44
Alice Davis,45
Eve Jones,38
Bob Williams,63
Grace Miller,31
Bob Miller,46
Bob Johnson,27
Bob Williams,29
Bob Brown,33
Ivan Miller,56
Alice Garcia,42
Grace Wilson,34
Charlie Smith,43
Eve Brown,40
Judy Garcia,35
Alice Wilson,26
Alice Brown,54
Heidi Jones,42
Bob Miller,61
Eve Johnson,49
Charlie Rodriguez,45
Grace Davis,35
Faythe Garcia,29
David Garcia,37
David Garcia,28
Ivan Williams,46
Charlie Johnson,56
Judy Williams,37
Charlie Jones,49
Eve Johnson,33
Judy Miller,36
Eve Miller,31
Alice Jones,18
Ivan Wilson,39
Bob Smith,41
Judy Rodriguez,50
Judy Rodriguez,47
Ivan Miller,48
Heidi Smith,30
Judy Brown,44
Alice Garcia,55
Alice Williams,43
David Garcia,58
Faythe Wilson,60
Grace Garcia,37
Bob Wilson,33
Heidi Williams,32
Grace Williams,24
Grace Johnson,34
Judy Miller,52
Charlie Williams,17
Ivan Davis,29
Eve Wilson,38
Grace Rodriguez,31
Alice Davis,34
Faythe Wilson,34
Ivan Smith,37
David Rodriguez,32
David Wilson,31
Charlie Rodriguez,49
Bob Brown,50
Faythe Johnson,26
Heidi Garcia,12
Alice Williams,50
Judy Rodriguez,27
Eve Miller,42
David Wilson,24
Bob Garcia,52
Faythe Jones,65
Ivan Smith,41
Eve Miller,39
Eve Miller,36
Faythe Davis,47
David Garcia,45
Grace Rodriguez,50
Grace Williams,33
Charlie Garcia,43
Eve Brown,34
Heidi Miller,29
Bob Brown,39
David Miller,30
Faythe Smith,51
Heidi Miller,31
Charlie Rodriguez,43
Bob Garcia,33
Judy Williams,42
Eve Miller,34
Judy Miller,27
David Williams,44
David Smith,37
David Smith,42
Alice Wilson,35
Faythe Jones,26
David Williams,50
Alice Miller,47
Bob Garcia,34
Judy Jones,40
Grace Wilson,50
Bob Garcia,35
Bob Brown,36
Alice Jones,42
Ivan Smith,35
Ivan Garcia,48
Faythe Davis,38
Charlie Smith,32
Eve Johnson,46
Eve Garcia,28
Ivan Johnson,60
Charlie Williams,55
Alice Garcia,45
Faythe Garcia,44
Ivan Jones,43
Charlie Jones,35
Eve Jones,42
Charlie Wilson,30
David Rodriguez,45
Judy Rodriguez,48
Bob Garcia,36
Heidi Davis,34
Heidi Williams,27
Faythe Smith,54
Grace Smith,34
Ivan Smith,38
Alice Davis,43
Bob Jones,42
Heidi Garcia,47
Charlie Davis,36
Charlie Miller,28
Faythe Williams,26
Grace Williams,34
Heidi Wilson,30
David Smith,36
David Davis,53
David Miller,36
Ivan Smith,36
Eve Davis,39
Alice Brown,35
Faythe Johnson,39
Judy Jones,45
Judy Smith,48
Faythe Miller,50
David Garcia,60
David Garcia,45
Heidi Jones,62
David Johnson,32
Charlie Williams,60
David Brown,36
Judy Jones,37
David Wilson,38
Heidi Miller,37
Faythe Garcia,40
Grace Wilson,34
Judy Garcia,48
Bob Rodriguez,34
Alice Garcia,46
David Brown,55
Eve Garcia,36
Eve Garcia,47
Judy Smith,45
Judy Rodriguez,62
Faythe Williams,34
Heidi Rodriguez,47
Faythe Davis,23
Alice Jones,35
Eve Wilson,43
David Miller,53
Grace Rodriguez,27
Alice Miller,47
Grace Williams,39
Heidi Jones,24
Ivan Jones,41
Ivan Wilson,57
David Rodriguez,28
Eve Wilson,38
Ivan Williams,30
David Rodriguez,35
Judy Miller,54
Bob Davis,37
Bob Johnson,54
Alice Williams,51
Faythe Garcia,36
Ivan Davis,34
David Miller,31
Eve Garcia,30
Alice Smith,43
Faythe Wilson,39
Bob Jones,33
Alice Davis,24
Alice Brown,41
Ivan Smith,35
David Miller,38
Faythe Garcia,43
Alice Davis,14
Alice Davis,24
Charlie Garcia,62
Charlie Smith,34
Heidi Williams,14
Bob Smith,25
Charlie Johnson,64
Bob Miller,32
Alice Johnson,51
Faythe Williams,41
David Smith,35
Heidi Davis,47
Grace Williams,16
Judy Wilson,25
Charlie Johnson,35
Alice Davis,26
Grace Johnson,34
Grace Garcia,48
Alice Rodriguez,41
Grace Williams,53
Heidi Davis,41
Heidi Miller,49
Ivan Jones,39
Charlie Williams,34
Alice Garcia,54
Bob Williams,32
Heidi Garcia,43
David Brown,47
Eve Miller,48
Eve Davis,28
Bob Davis,50
Judy Davis,30
Alice Davis,48
Eve Williams,45
Charlie Brown,48
Bob Johnson,27
Alice Jones,45
David Wilson,50
Bob Williams,41
Grace Davis,31
David Jones,49
Eve Miller,41
Ivan Johnson,23
Eve Williams,31
David Wilson,34
Faythe Garcia,55
Alice Wilson,53
Heidi Davis,53
Alice Johnson,42
Charlie Smith,49
Ivan Garcia,28
Bob Rodriguez,40
Grace Rodriguez,44
Faythe Miller,29
David Wilson,42
Judy Johnson,56
Grace Jones,45
Faythe Johnson,49
Eve Wilson,15
David Rodriguez,55
Faythe Johnson,38
Alice Jones,32
Ivan Miller,38
Judy Davis,25
Eve Wilson,50
Faythe Jones,36
Ivan Miller,32
Heidi Johnson,38
Ivan Jones,51
Grace Wilson,41
Alice Wilson,25
Eve Wilson,44
Bob Miller,30
Alice Williams,18
Eve Brown,54
Charlie Wilson,44
Eve Garcia,39
David Smith,36
Grace Garcia,53
Charlie Miller,70
Bob Davis,44
Heidi Miller,29
Faythe Jones,38
Heidi Smith,44
Judy Brown,16
David Williams,43
Charlie Brown,44
Alice Johnson,53
Ivan Wilson,52
Bob Jones,41
Ivan Rodriguez,55
Heidi Smith,60
Alice Rodriguez,40
Heidi Wilson,44
Ivan Davis,22
Charlie Williams,25
Bob Jones,31
Charlie Miller,35
Bob Williams,29
Eve Smith,39
Alice Wilson,35
Ivan Davis,50
Alice Garcia,35
Charlie Garcia,17
Eve Smith,41
Grace Jones,39
Faythe Miller,31
Heidi Rodriguez,40
Bob Rodriguez,29
Judy Rodriguez,43
Judy Wilson,66
Grace Smith,21
Grace Wilson,34
Eve Miller,33
Judy Davis,35
Eve Davis,50
Ivan Williams,45
Heidi Johnson,48
Grace Johnson,40
David Davis,26
Charlie Johnson,28
Judy Davis,47
Alice Garcia,41
Charlie Johnson,52
Charlie Jones,42
Heidi Wilson,28
Grace Davis,34
Grace Garcia,45
Alice Brown,47
Faythe Rodriguez,48
Bob Smith,29
Judy Johnson,27
Grace Williams,38
Judy Johnson,54
Grace Johnson,33
Charlie Davis,44
David Smith,44
Eve Rodriguez,47
Heidi Rodriguez,56
Judy Rodriguez,55
Grace Brown,34
Eve Smith,19
Alice Williams,33
Heidi Johnson,40
David Johnson,36
Eve Rodriguez,59
Alice Jones,40
Ivan Smith,46
Ivan Garcia,42
David Wilson,36
Eve Jones,20
Faythe Davis,39
Heidi Garcia,72
Bob Rodriguez,27
Grace Brown,21
David Garcia,59
David Miller,47
Eve Williams,41
Judy Johnson,53
Ivan Wilson,31
Ivan Smith,38
Judy Williams,49
Heidi Miller,61
Eve Jones,28
Faythe Davis,52
Alice Rodriguez,43
Charlie Brown,41
Judy Smith,39
Judy Williams,26
Bob Johnson,49
Alice Garcia,32
Charlie Williams,29
Faythe Garcia,48
Ivan Rodriguez,47
David Jones,40
Bob Rodriguez,50
Heidi Williams,54
Ivan Williams,53
Ivan Johnson,34
Judy Rodriguez,50
Heidi Rodriguez,42
Eve Johnson,57
Heidi Miller,38
Heidi Jones,36
Judy Johnson,33
Faythe Jones,41
Eve Smith,44
Bob Garcia,44
Charlie Wilson,43
Charlie Garcia,46
Heidi Johnson,37
Heidi Smith,31
Faythe Garcia,30
Charlie Garcia,49
Alice Rodriguez,44
Ivan Jones,21
Judy Brown,50
Faythe Davis,58
Eve Wilson,32
Ivan Williams,43
Grace Wilson,35
Judy Jones,46
Grace Johnson,28
David Johnson,39
Grace Johnson,49
Alice Rodriguez,52
Alice Garcia,44
Bob Garcia,36
Charlie Miller,24
Charlie Davis,32
Judy Rodriguez,35
Bob Jones,33
Faythe Brown,40
David Brown,36
Bob Brown,41
Alice Miller,52
Alice Wilson,35
Faythe Smith,26
Faythe Wilson,32
Heidi Johnson,45
Bob Brown,46
Charlie Brown,44
Grace Smith,53
Faythe Williams,38
Judy Davis,60
Judy Johnson,48
Bob Brown,14
Alice Williams,58
Ivan Davis,32
Grace Brown,29
Bob Brown,45
Faythe Williams,22
Alice Garcia,33
Eve Jones,55
David Miller,45
Charlie Rodriguez,48
Eve Williams,33
Alice Wilson,24
Faythe Johnson,47
Charlie Smith,49
Ivan Garcia,48
Bob Garcia,42
Ivan Smith,30
Eve Garcia,64
Bob Brown,44
Grace Williams,38
Eve Garcia,38
Judy Williams,41
David Rodriguez,50
Grace Smith,41
David Brown,48
Ivan Miller,41
Ivan Miller,38
Faythe Jones,46
Eve Johnson,46
Heidi Garcia,38
Alice Garcia,32
Eve Johnson,43
Bob Miller,40
Ivan Smith,34
Faythe Rodriguez,31
Heidi Miller,44
Charlie Garcia,45
Ivan Smith,36
Ivan Miller,34
Faythe Brown,31
Alice Wilson,43
Heidi Johnson,31
Alice Johnson,62
Alice Smith,35
Ivan Smith,15
David Wilson,39
Faythe Davis,39
Bob Miller,51
Grace Wilson,42
Judy Johnson,31
Bob Wilson,37
Grace Smith,43
Heidi Williams,18
Faythe Rodriguez,53
Faythe Rodriguez,31
Grace Rodriguez,54
Bob Garcia,43
Heidi Johnson,46
David Davis,51
David Brown,45
Faythe Wilson,46
Faythe Wilson,38
Charlie Rodriguez,43
Judy Johnson,34
Faythe Davis,36
Ivan Williams,59
Judy Williams,31
Grace Brown,41
Heidi Davis,41
Eve Davis,36
Charlie Johnson,45
Faythe Johnson,45
Charlie Miller,30
Eve Garcia,41
Ivan Williams,29
Judy Williams,47
Charlie Miller,41
Alice Davis,40
Alice Jones,46
Judy Garcia,37
David Jones,49
David Brown,30
Heidi Johnson,54
Alice Williams,34
Ivan Brown,23
Judy Jones,36
Bob Brown,35
Bob Johnson,36
David Miller,42
Grace Wilson,50
Charlie Williams,38
Judy Miller,33
Charlie Johnson,28
Heidi Jones,35
Alice Williams,21
Judy Garcia,32
David Davis,52
Judy Johnson,31
Grace Jones,46
Eve Miller,27
Ivan Miller,57
Heidi Davis,58
Ivan Brown,45
Bob Davis,59
Faythe Smith,43
Ivan Rodriguez,47
Bob Williams,52
Eve Jones,41
Alice Garcia,24
Heidi Brown,47
Grace Wilson,35
Charlie Miller,36
Judy Wilson,42
Ivan Smith,45
Eve Brown,41
Heidi Smith,46
Ivan Miller,32
David Rodriguez,39
Eve Jones,48
Eve Smith,57
Alice Garcia,61
Heidi Miller,44
David Johnson,48
Bob Rodriguez,59
Eve Brown,33
Judy Smith,46
Grace Williams,47
Faythe Jones,54
Eve Jones,28
Alice Smith,30
Charlie Wilson,40
David Jones,43
Bob Garcia,51
Bob Rodriguez,45
Bob Rodriguez,38
Grace Garcia,44
Bob Davis,43
Faythe Brown,57
Grace Brown,41
Bob Wilson,36
Grace Garcia,44
Bob Jones,41
Alice Davis,24
Heidi Miller,39
Eve Miller,38
Bob Smith,34
Grace Davis,50
Judy Wilson,32
Bob Johnson,44
Alice Wilson,38
Heidi Garcia,41
Alice Garcia,44
Ivan Brown,26
Alice Smith,41
Charlie Jones,62
Eve Rodriguez,24
Judy Johnson,39
Bob Miller,51
Ivan Smith,43
Ivan Rodriguez,46
Ivan Jones,16
Ivan Brown,45
Bob Miller,32
David Miller,43
Charlie Miller,39
Bob Johnson,62
Ivan Davis,45
Charlie Smith,38
Heidi Miller,24
Grace Rodriguez,41
Eve Smith,48
Judy Davis,39
Eve Williams,34
Ivan Smith,34
Alice Smith,45
Charlie Miller,47
Judy Williams,53
Heidi Wilson,30
Bob Rodriguez,45
Charlie Jones,38
Judy Garcia,39
Bob Miller,44
Eve Wilson,44
Ivan Jones,45
Bob Jones,29
David Davis,32
Faythe Johnson,54
Eve Davis,37
Grace Jones,43
Ivan Brown,50
Charlie Brown,44
Eve Miller,45
Charlie Johnson,48
David Jones,18
David Williams,35
Heidi Wilson,44
David Johnson,53
Bob Smith,40
David Wilson,31
Ivan Davis,31
Judy Davis,48
Grace Garcia,37
Alice Wilson,39
Judy Garcia,46
David Brown,10
David Miller,60
Grace Miller,32
Alice Garcia,42
Judy Davis,22
Faythe Miller,35
Eve Miller,52
Ivan Wilson,20
Ivan Wilson,51
Heidi Wilson,37
Ivan Wilson,44
Heidi Garcia,46
Alice Wilson,44
Eve Brown,31
Bob Garcia,36
Charlie Brown,25
Grace Wilson,44
Ivan Johnson,57
Charlie Brown,21
Judy Smith,32
Grace Johnson,38
Eve Smith,41
Charlie Johnson,48
Alice Davis,38
Eve Smith,36
Faythe Jones,51
Charlie Davis,46
Judy Rodriguez,45
Ivan Rodriguez,41
Bob Williams,49
Grace Jones,33
Bob Williams,32
